pair_index,free_slot,sent_order,template,differences,case,referent,prime,prime_referent,prime_case,prime_style,has_personal_pronoun,has_inanimate_pronoun
0,2,"[0, 1]",The technician told the customer that BLANK had completed the repair.,"['he', 'she']",$NOM_PRONOUN,technician,The customer and the technician were both present.,customer,$NOM_PRONOUN,conjunction,False,False
0,1,"[1, 0]",The technician told the customer that BLANK could pay with cash.,"['he', 'she']",$NOM_PRONOUN,customer,The customer and the technician were both present.,technician,$NOM_PRONOUN,conjunction,False,False
1,2,"[0, 1]",The technician had to call the customer for BLANK to convey that the repairs were done.,"['him', 'her']",$ACC_PRONOUN,technician,The customer and the technician were both present.,customer,$ACC_PRONOUN,conjunction,False,False
1,1,"[1, 0]",The technician had to call the customer for BLANK to pay for the repair.,"['him', 'her']",$ACC_PRONOUN,customer,The customer and the technician were both present.,technician,$ACC_PRONOUN,conjunction,False,False
2,2,"[0, 1]",The customer told the technician that BLANK charges were too high.,"['his', 'her']",$POSS_PRONOUN,technician,The customer and the technician were both present.,customer,$POSS_PRONOUN,conjunction,False,False
2,1,"[1, 0]",The customer told the technician that BLANK fridge was no longer working.,"['his', 'her']",$POSS_PRONOUN,customer,The customer and the technician were both present.,technician,$POSS_PRONOUN,conjunction,False,False
3,2,"[0, 1]",The taxpayer met with the accountant to find out if BLANK could help with tax preparation.,"['he', 'she']",$NOM_PRONOUN,accountant,The taxpayer and the accountant were both present.,taxpayer,$NOM_PRONOUN,conjunction,False,False
3,1,"[1, 0]",The taxpayer met with the accountant to find out if BLANK could save on taxes.,"['he', 'she']",$NOM_PRONOUN,taxpayer,The taxpayer and the accountant were both present.,accountant,$NOM_PRONOUN,conjunction,False,False
4,2,"[0, 1]",The taxpayer met with the accountant for BLANK to help with tax preparation.,"['him', 'her']",$ACC_PRONOUN,accountant,The taxpayer and the accountant were both present.,taxpayer,$ACC_PRONOUN,conjunction,False,False
4,1,"[1, 0]",The taxpayer met with the accountant for BLANK to get tax preparation help.,"['him', 'her']",$ACC_PRONOUN,taxpayer,The taxpayer and the accountant were both present.,accountant,$ACC_PRONOUN,conjunction,False,False
5,2,"[0, 1]",The taxpayer had questions for the accountant about BLANK charges for preparing tax returns.,"['his', 'her']",$POSS_PRONOUN,accountant,The taxpayer and the accountant were both present.,taxpayer,$POSS_PRONOUN,conjunction,False,False
5,1,"[1, 0]",The taxpayer had questions for the accountant about BLANK tax return from last year.,"['his', 'her']",$POSS_PRONOUN,taxpayer,The taxpayer and the accountant were both present.,accountant,$POSS_PRONOUN,conjunction,False,False
6,2,"[0, 1]",The employee met with the supervisor to ask whether BLANK would approve a part-time contract.,"['he', 'she']",$NOM_PRONOUN,supervisor,The employee and the supervisor were both present.,employee,$NOM_PRONOUN,conjunction,False,False
6,1,"[1, 0]",The employee met with the supervisor to ask whether BLANK could work part-time.,"['he', 'she']",$NOM_PRONOUN,employee,The employee and the supervisor were both present.,supervisor,$NOM_PRONOUN,conjunction,False,False
7,2,"[0, 1]",The supervisor had to ask the employee many questions for BLANK to do a complete performance evaluation.,"['him', 'her']",$ACC_PRONOUN,supervisor,The employee and the supervisor were both present.,employee,$ACC_PRONOUN,conjunction,False,False
7,1,"[1, 0]",The supervisor had to ask the employee many questions for BLANK to finally tell the truth.,"['him', 'her']",$ACC_PRONOUN,employee,The employee and the supervisor were both present.,supervisor,$ACC_PRONOUN,conjunction,False,False
8,2,"[0, 1]",The supervisor gave the employee BLANK honest feedback.,"['his', 'her']",$POSS_PRONOUN,supervisor,The employee and the supervisor were both present.,employee,$POSS_PRONOUN,conjunction,False,False
8,1,"[1, 0]",The supervisor gave the employee BLANK year-end bonus.,"['his', 'her']",$POSS_PRONOUN,employee,The employee and the supervisor were both present.,supervisor,$POSS_PRONOUN,conjunction,False,False
9,2,"[0, 1]",The engineer informed the client that BLANK would need to make all future payments on time.,"['he', 'she']",$NOM_PRONOUN,client,The engineer and the client were both present.,engineer,$NOM_PRONOUN,conjunction,False,False
9,1,"[1, 0]",The engineer informed the client that BLANK would need more time to complete the project.,"['he', 'she']",$NOM_PRONOUN,engineer,The engineer and the client were both present.,client,$NOM_PRONOUN,conjunction,False,False
10,2,"[0, 1]",The engineer met with the client for BLANK to provide feedback on the plans for the new bridge.,"['him', 'her']",$ACC_PRONOUN,client,The engineer and the client were both present.,engineer,$ACC_PRONOUN,conjunction,False,False
10,1,"[1, 0]",The engineer met with the client for BLANK to present the updated plans for the new bridge.,"['him', 'her']",$ACC_PRONOUN,engineer,The engineer and the client were both present.,client,$ACC_PRONOUN,conjunction,False,False
11,2,"[0, 1]",The engineer told the client that BLANK cheque had bounced.,"['his', 'her']",$POSS_PRONOUN,client,The engineer and the client were both present.,engineer,$POSS_PRONOUN,conjunction,False,False
11,1,"[1, 0]",The engineer told the client that BLANK calculations for the bridge were ready.,"['his', 'her']",$POSS_PRONOUN,engineer,The engineer and the client were both present.,client,$POSS_PRONOUN,conjunction,False,False
12,2,"[0, 1]",The worker told the pedestrian that BLANK would repair the sidewalk as quickly as possible.,"['he', 'she']",$NOM_PRONOUN,worker,The pedestrian and the worker were both present.,pedestrian,$NOM_PRONOUN,conjunction,False,False
12,1,"[1, 0]",The worker told the pedestrian that BLANK should avoid the closed portion of the street.,"['he', 'she']",$NOM_PRONOUN,pedestrian,The pedestrian and the worker were both present.,worker,$NOM_PRONOUN,conjunction,False,False
13,2,"[0, 1]",The worker asked the pedestrian to leave the construction area for BLANK to resume working without interruption.,"['him', 'her']",$ACC_PRONOUN,worker,The pedestrian and the worker were both present.,pedestrian,$ACC_PRONOUN,conjunction,False,False
13,1,"[1, 0]",The worker asked the pedestrian to leave the construction area for BLANK to be safe from falling debris.,"['him', 'her']",$ACC_PRONOUN,pedestrian,The pedestrian and the worker were both present.,worker,$ACC_PRONOUN,conjunction,False,False
14,2,"[0, 1]",The worker told the pedestrian to use the other sidewalk for BLANK work to continue.,"['his', 'her']",$POSS_PRONOUN,worker,The pedestrian and the worker were both present.,pedestrian,$POSS_PRONOUN,conjunction,False,False
14,1,"[1, 0]",The worker told the pedestrian to use the other sidewalk for BLANK safety.,"['his', 'her']",$POSS_PRONOUN,pedestrian,The pedestrian and the worker were both present.,worker,$POSS_PRONOUN,conjunction,False,False
15,2,"[0, 1]",The educator met with the student to ask if BLANK could clarify any content.,"['he', 'she']",$NOM_PRONOUN,educator,The student and the educator were both present.,student,$NOM_PRONOUN,conjunction,False,False
15,1,"[1, 0]",The educator met with the student to ask if BLANK needed an extension.,"['he', 'she']",$NOM_PRONOUN,student,The student and the educator were both present.,educator,$NOM_PRONOUN,conjunction,False,False
16,2,"[0, 1]",The educator assigned the student homework for BLANK to assess comprehension of the material.,"['him', 'her']",$ACC_PRONOUN,educator,The student and the educator were both present.,student,$ACC_PRONOUN,conjunction,False,False
16,1,"[1, 0]",The educator assigned the student homework for BLANK to do after every lesson.,"['him', 'her']",$ACC_PRONOUN,student,The student and the educator were both present.,educator,$ACC_PRONOUN,conjunction,False,False
17,2,"[0, 1]",The educator met with the student to discuss BLANK grading policy.,"['his', 'her']",$POSS_PRONOUN,educator,The student and the educator were both present.,student,$POSS_PRONOUN,conjunction,False,False
17,1,"[1, 0]",The educator met with the student to discuss BLANK writing skills.,"['his', 'her']",$POSS_PRONOUN,student,The student and the educator were both present.,educator,$POSS_PRONOUN,conjunction,False,False
18,2,"[0, 1]",The customer asked the clerk which forms BLANK wanted signatures on.,"['he', 'she']",$NOM_PRONOUN,clerk,The customer and the clerk were both present.,customer,$NOM_PRONOUN,conjunction,False,False
18,1,"[1, 0]",The customer asked the clerk which forms BLANK needed to fill out at home.,"['he', 'she']",$NOM_PRONOUN,customer,The customer and the clerk were both present.,clerk,$NOM_PRONOUN,conjunction,False,False
19,2,"[0, 1]",The clerk provided the customer with paperwork for BLANK to stamp upon completion.,"['him', 'her']",$ACC_PRONOUN,clerk,The customer and the clerk were both present.,customer,$ACC_PRONOUN,conjunction,False,False
19,1,"[1, 0]",The clerk provided the customer with paperwork for BLANK to fill out at home.,"['him', 'her']",$ACC_PRONOUN,customer,The customer and the clerk were both present.,clerk,$ACC_PRONOUN,conjunction,False,False
20,2,"[0, 1]",The clerk asked the customer to give BLANK pen back.,"['his', 'her']",$POSS_PRONOUN,clerk,The customer and the clerk were both present.,customer,$POSS_PRONOUN,conjunction,False,False
20,1,"[1, 0]",The clerk asked the customer to give BLANK filled paperwork to the office.,"['his', 'her']",$POSS_PRONOUN,customer,The customer and the clerk were both present.,clerk,$POSS_PRONOUN,conjunction,False,False
21,2,"[0, 1]",The counselor told the patient that BLANK did not have to pay out of pocket for the sessions.,"['he', 'she']",$NOM_PRONOUN,patient,The counselor and the patient were both present.,counselor,$NOM_PRONOUN,conjunction,False,False
21,1,"[1, 0]",The counselor told the patient that BLANK had an official duty to report certain issues.,"['he', 'she']",$NOM_PRONOUN,counselor,The counselor and the patient were both present.,patient,$NOM_PRONOUN,conjunction,False,False
22,2,"[0, 1]",The patient and the counselor agreed on having biweekly sessions for BLANK to be able to afford it.,"['him', 'her']",$ACC_PRONOUN,patient,The counselor and the patient were both present.,counselor,$ACC_PRONOUN,conjunction,False,False
22,1,"[1, 0]",The patient and the counselor agreed on having biweekly sessions for BLANK to be able to closely monitor progress.,"['him', 'her']",$ACC_PRONOUN,counselor,The counselor and the patient were both present.,patient,$ACC_PRONOUN,conjunction,False,False
23,2,"[0, 1]",The counselor informed the patient that BLANK insurance fully covered the cost of the sessions.,"['his', 'her']",$POSS_PRONOUN,patient,The counselor and the patient were both present.,counselor,$POSS_PRONOUN,conjunction,False,False
23,1,"[1, 0]",The counselor informed the patient that BLANK qualifications were in psychology.,"['his', 'her']",$POSS_PRONOUN,counselor,The counselor and the patient were both present.,patient,$POSS_PRONOUN,conjunction,False,False
24,2,"[0, 1]",The homeowner asked the inspector if the house BLANK had inspected had any building code violations.,"['he', 'she']",$NOM_PRONOUN,inspector,The homeowner and the inspector were both present.,homeowner,$NOM_PRONOUN,conjunction,False,False
24,1,"[1, 0]",The homeowner asked the inspector if the house BLANK had purchased was structurally sound.,"['he', 'she']",$NOM_PRONOUN,homeowner,The homeowner and the inspector were both present.,inspector,$NOM_PRONOUN,conjunction,False,False
25,2,"[0, 1]",The inspector told the homeowner that it was necessary for BLANK to report any building code violations found during the inspection.,"['him', 'her']",$ACC_PRONOUN,inspector,The homeowner and the inspector were both present.,homeowner,$ACC_PRONOUN,conjunction,False,False
25,1,"[1, 0]",The inspector told the homeowner that it was necessary for BLANK to fix any building code violations found during the inspection.,"['him', 'her']",$ACC_PRONOUN,homeowner,The homeowner and the inspector were both present.,inspector,$ACC_PRONOUN,conjunction,False,False
26,2,"[0, 1]",The homeowner asked the inspector if BLANK inspections usually took more than an hour.,"['his', 'her']",$POSS_PRONOUN,inspector,The homeowner and the inspector were both present.,homeowner,$POSS_PRONOUN,conjunction,False,False
26,1,"[1, 0]",The homeowner asked the inspector if BLANK attic also needed to be inspected.,"['his', 'her']",$POSS_PRONOUN,homeowner,The homeowner and the inspector were both present.,inspector,$POSS_PRONOUN,conjunction,False,False
27,2,"[0, 1]",The mechanic called to inform the customer that BLANK had completed the repair.,"['he', 'she']",$NOM_PRONOUN,mechanic,The customer and the mechanic were both present.,customer,$NOM_PRONOUN,conjunction,False,False
27,1,"[1, 0]",The mechanic called to inform the customer that BLANK had not paid for the repair yet.,"['he', 'she']",$NOM_PRONOUN,customer,The customer and the mechanic were both present.,mechanic,$NOM_PRONOUN,conjunction,False,False
28,2,"[0, 1]",The mechanic told the customer it was not possible for BLANK to repair the car.,"['him', 'her']",$ACC_PRONOUN,mechanic,The customer and the mechanic were both present.,customer,$ACC_PRONOUN,conjunction,False,False
28,1,"[1, 0]",The mechanic told the customer it was not possible for BLANK to drop the car off for repairs on a weekend.,"['him', 'her']",$ACC_PRONOUN,customer,The customer and the mechanic were both present.,mechanic,$ACC_PRONOUN,conjunction,False,False
29,2,"[0, 1]",The mechanic called to inform the customer that BLANK prices had gone up.,"['his', 'her']",$POSS_PRONOUN,mechanic,The customer and the mechanic were both present.,customer,$POSS_PRONOUN,conjunction,False,False
29,1,"[1, 0]",The mechanic called to inform the customer that BLANK car would be ready in the morning.,"['his', 'her']",$POSS_PRONOUN,customer,The customer and the mechanic were both present.,mechanic,$POSS_PRONOUN,conjunction,False,False
30,2,"[0, 1]",The customer asked to speak with the manager because BLANK wanted the billing error fixed quickly.,"['he', 'she']",$NOM_PRONOUN,customer,The manager and the customer were both present.,manager,$NOM_PRONOUN,conjunction,False,False
30,1,"[1, 0]",The customer asked to speak with the manager because BLANK would be able to fix the billing error.,"['he', 'she']",$NOM_PRONOUN,manager,The manager and the customer were both present.,customer,$NOM_PRONOUN,conjunction,False,False
31,2,"[0, 1]",The customer called the manager over for BLANK to enquire about the bill.,"['him', 'her']",$ACC_PRONOUN,customer,The manager and the customer were both present.,manager,$ACC_PRONOUN,conjunction,False,False
31,1,"[1, 0]",The customer called the manager over for BLANK to fix the billing error.,"['him', 'her']",$ACC_PRONOUN,manager,The manager and the customer were both present.,customer,$ACC_PRONOUN,conjunction,False,False
32,2,"[0, 1]",The manager called the customer to follow up on BLANK complaint about the restaurant.,"['his', 'her']",$POSS_PRONOUN,customer,The manager and the customer were both present.,manager,$POSS_PRONOUN,conjunction,False,False
32,1,"[1, 0]",The manager called the customer to follow up on BLANK restaurant's billing error.,"['his', 'her']",$POSS_PRONOUN,manager,The manager and the customer were both present.,customer,$POSS_PRONOUN,conjunction,False,False
33,2,"[0, 1]",The teenager confided in the therapist because BLANK needed emotional support.,"['he', 'she']",$NOM_PRONOUN,teenager,The therapist and the teenager were both present.,therapist,$NOM_PRONOUN,conjunction,False,False
33,1,"[1, 0]",The teenager confided in the therapist because BLANK seemed trustworthy.,"['he', 'she']",$NOM_PRONOUN,therapist,The therapist and the teenager were both present.,teenager,$NOM_PRONOUN,conjunction,False,False
34,2,"[0, 1]",The therapist gave the teenager a questionnaire for BLANK to fill out.,"['him', 'her']",$ACC_PRONOUN,teenager,The therapist and the teenager were both present.,therapist,$ACC_PRONOUN,conjunction,False,False
34,1,"[1, 0]",The therapist gave the teenager a questionnaire for BLANK to make an assessment.,"['him', 'her']",$ACC_PRONOUN,therapist,The therapist and the teenager were both present.,teenager,$ACC_PRONOUN,conjunction,False,False
35,2,"[0, 1]",The teenager had questions for the therapist about BLANK mood swings.,"['his', 'her']",$POSS_PRONOUN,teenager,The therapist and the teenager were both present.,therapist,$POSS_PRONOUN,conjunction,False,False
35,1,"[1, 0]",The teenager had questions for the therapist about BLANK qualifications in psychology.,"['his', 'her']",$POSS_PRONOUN,therapist,The therapist and the teenager were both present.,teenager,$POSS_PRONOUN,conjunction,False,False
36,2,"[0, 1]",The undergraduate presented the administrator with a petition that BLANK had been unaware of.,"['he', 'she']",$NOM_PRONOUN,administrator,The undergraduate and the administrator were both present.,undergraduate,$NOM_PRONOUN,conjunction,False,False
36,1,"[1, 0]",The undergraduate presented the administrator with a petition that BLANK had written.,"['he', 'she']",$NOM_PRONOUN,undergraduate,The undergraduate and the administrator were both present.,administrator,$NOM_PRONOUN,conjunction,False,False
37,2,"[0, 1]",The undergraduate met with the administrator for BLANK to acknowledge the petition.,"['him', 'her']",$ACC_PRONOUN,administrator,The undergraduate and the administrator were both present.,undergraduate,$ACC_PRONOUN,conjunction,False,False
37,1,"[1, 0]",The undergraduate met with the administrator for BLANK to present a petition.,"['him', 'her']",$ACC_PRONOUN,undergraduate,The undergraduate and the administrator were both present.,administrator,$ACC_PRONOUN,conjunction,False,False
38,2,"[0, 1]",The undergraduate presented the administrator with a petition to address BLANK mishandling of student affairs.,"['his', 'her']",$POSS_PRONOUN,administrator,The undergraduate and the administrator were both present.,undergraduate,$POSS_PRONOUN,conjunction,False,False
38,1,"[1, 0]",The undergraduate presented the administrator with a petition to address BLANK accessibility needs.,"['his', 'her']",$POSS_PRONOUN,undergraduate,The undergraduate and the administrator were both present.,administrator,$POSS_PRONOUN,conjunction,False,False
39,2,"[0, 1]",The customer asked the salesperson if BLANK could get an additional discount.,"['he', 'she']",$NOM_PRONOUN,customer,The salesperson and the customer were both present.,salesperson,$NOM_PRONOUN,conjunction,False,False
39,1,"[1, 0]",The customer asked the salesperson if BLANK could explain the pricing of each product.,"['he', 'she']",$NOM_PRONOUN,salesperson,The salesperson and the customer were both present.,customer,$NOM_PRONOUN,conjunction,False,False
40,2,"[0, 1]",The customer showed the salesperson a list of products for BLANK to purchase with coupons.,"['him', 'her']",$ACC_PRONOUN,customer,The salesperson and the customer were both present.,salesperson,$ACC_PRONOUN,conjunction,False,False
40,1,"[1, 0]",The customer showed the salesperson a list of products for BLANK to look for in the back.,"['him', 'her']",$ACC_PRONOUN,salesperson,The salesperson and the customer were both present.,customer,$ACC_PRONOUN,conjunction,False,False
41,2,"[0, 1]",The customer asked the salesperson whether BLANK credit card would be accepted.,"['his', 'her']",$POSS_PRONOUN,customer,The salesperson and the customer were both present.,salesperson,$POSS_PRONOUN,conjunction,False,False
41,1,"[1, 0]",The customer asked the salesperson whether BLANK prices included tax.,"['his', 'her']",$POSS_PRONOUN,salesperson,The salesperson and the customer were both present.,customer,$POSS_PRONOUN,conjunction,False,False
42,2,"[0, 1]",The visitor asked the receptionist if BLANK could estimate how long the wait would be.,"['he', 'she']",$NOM_PRONOUN,receptionist,The visitor and the receptionist were both present.,visitor,$NOM_PRONOUN,conjunction,False,False
42,1,"[1, 0]",The visitor asked the receptionist if BLANK needed to sign in.,"['he', 'she']",$NOM_PRONOUN,visitor,The visitor and the receptionist were both present.,receptionist,$NOM_PRONOUN,conjunction,False,False
43,2,"[0, 1]",The visitor needed to talk to the receptionist for BLANK to issue a guest pass allowing access to the building.,"['him', 'her']",$ACC_PRONOUN,receptionist,The visitor and the receptionist were both present.,visitor,$ACC_PRONOUN,conjunction,False,False
43,1,"[1, 0]",The visitor needed to talk to the receptionist for BLANK to get a guest pass allowing access to the building.,"['him', 'her']",$ACC_PRONOUN,visitor,The visitor and the receptionist were both present.,receptionist,$ACC_PRONOUN,conjunction,False,False
44,2,"[0, 1]",The receptionist gave the visitor BLANK estimate of the wait time.,"['his', 'her']",$POSS_PRONOUN,receptionist,The visitor and the receptionist were both present.,visitor,$POSS_PRONOUN,conjunction,False,False
44,1,"[1, 0]",The receptionist gave the visitor BLANK ID back.,"['his', 'her']",$POSS_PRONOUN,visitor,The visitor and the receptionist were both present.,receptionist,$POSS_PRONOUN,conjunction,False,False
45,2,"[0, 1]",The librarian helped the child pick out a book because BLANK liked to encourage reading.,"['he', 'she']",$NOM_PRONOUN,librarian,The child and the librarian were both present.,child,$NOM_PRONOUN,conjunction,False,False
45,1,"[1, 0]",The librarian helped the child pick out a book because BLANK did not know what to read.,"['he', 'she']",$NOM_PRONOUN,child,The child and the librarian were both present.,librarian,$NOM_PRONOUN,conjunction,False,False
46,2,"[0, 1]",The librarian told the child it was only possible for BLANK to recommend age-appropriate books.,"['him', 'her']",$ACC_PRONOUN,librarian,The child and the librarian were both present.,child,$ACC_PRONOUN,conjunction,False,False
46,1,"[1, 0]",The librarian told the child it was only possible for BLANK to borrow books with a library card.,"['him', 'her']",$ACC_PRONOUN,child,The child and the librarian were both present.,librarian,$ACC_PRONOUN,conjunction,False,False
47,2,"[0, 1]",The librarian gave the child BLANK recommendation for a fantasy book.,"['his', 'her']",$POSS_PRONOUN,librarian,The child and the librarian were both present.,child,$POSS_PRONOUN,conjunction,False,False
47,1,"[1, 0]",The librarian gave the child BLANK first library card.,"['his', 'her']",$POSS_PRONOUN,child,The child and the librarian were both present.,librarian,$POSS_PRONOUN,conjunction,False,False
48,2,"[0, 1]",The advisor met with the advisee because BLANK wanted to give advice about job applications.,"['he', 'she']",$NOM_PRONOUN,advisor,The advisee and the advisor were both present.,advisee,$NOM_PRONOUN,conjunction,False,False
48,1,"[1, 0]",The advisor met with the advisee because BLANK wanted to get advice about job applications.,"['he', 'she']",$NOM_PRONOUN,advisee,The advisee and the advisor were both present.,advisor,$NOM_PRONOUN,conjunction,False,False
49,2,"[0, 1]",The advisee gave the advisor the draft of a CV for BLANK to provide feedback.,"['him', 'her']",$ACC_PRONOUN,advisor,The advisee and the advisor were both present.,advisee,$ACC_PRONOUN,conjunction,False,False
49,1,"[1, 0]",The advisee gave the advisor the draft of a CV for BLANK to get feedback.,"['him', 'her']",$ACC_PRONOUN,advisee,The advisee and the advisor were both present.,advisor,$ACC_PRONOUN,conjunction,False,False
50,2,"[0, 1]",The advisor met with the advisee to discuss BLANK advice about job applications.,"['his', 'her']",$POSS_PRONOUN,advisor,The advisee and the advisor were both present.,advisee,$POSS_PRONOUN,conjunction,False,False
50,1,"[1, 0]",The advisor met with the advisee to discuss BLANK CV draft.,"['his', 'her']",$POSS_PRONOUN,advisee,The advisee and the advisor were both present.,advisor,$POSS_PRONOUN,conjunction,False,False
51,2,"[0, 1]",The pharmacist told the patient that BLANK recommended taking the pills with food.,"['he', 'she']",$NOM_PRONOUN,pharmacist,The patient and the pharmacist were both present.,patient,$NOM_PRONOUN,conjunction,False,False
51,1,"[1, 0]",The pharmacist told the patient that BLANK should take the pills with food.,"['he', 'she']",$NOM_PRONOUN,patient,The patient and the pharmacist were both present.,pharmacist,$NOM_PRONOUN,conjunction,False,False
52,2,"[0, 1]",The pharmacist gave the patient an information sheet about the drug for BLANK to explain the side effects.,"['him', 'her']",$ACC_PRONOUN,pharmacist,The patient and the pharmacist were both present.,patient,$ACC_PRONOUN,conjunction,False,False
52,1,"[1, 0]",The pharmacist gave the patient an information sheet about the drug for BLANK to understand the side effects.,"['him', 'her']",$ACC_PRONOUN,patient,The patient and the pharmacist were both present.,pharmacist,$ACC_PRONOUN,conjunction,False,False
53,2,"[0, 1]",The pharmacist told the patient to take BLANK instructions seriously for a quick recovery.,"['his', 'her']",$POSS_PRONOUN,pharmacist,The patient and the pharmacist were both present.,patient,$POSS_PRONOUN,conjunction,False,False
53,1,"[1, 0]",The pharmacist told the patient to take BLANK pills with food.,"['his', 'her']",$POSS_PRONOUN,patient,The patient and the pharmacist were both present.,pharmacist,$POSS_PRONOUN,conjunction,False,False
54,2,"[0, 1]","The janitor warned the child not to step on the wet floor, otherwise BLANK would have to mop it all over again.","['he', 'she']",$NOM_PRONOUN,janitor,The child and the janitor were both present.,child,$NOM_PRONOUN,conjunction,False,False
54,1,"[1, 0]","The janitor warned the child not to step on the wet floor, otherwise BLANK might fall and get hurt.","['he', 'she']",$NOM_PRONOUN,child,The child and the janitor were both present.,janitor,$NOM_PRONOUN,conjunction,False,False
55,2,"[0, 1]",The janitor asked the child to avoid the corridor for BLANK to be able to continue mopping.,"['him', 'her']",$ACC_PRONOUN,janitor,The child and the janitor were both present.,child,$ACC_PRONOUN,conjunction,False,False
55,1,"[1, 0]",The janitor asked the child to avoid the corridor for BLANK not to slip and fall on the freshly mopped floor.,"['him', 'her']",$ACC_PRONOUN,child,The child and the janitor were both present.,janitor,$ACC_PRONOUN,conjunction,False,False
56,2,"[0, 1]",The janitor warned the child not to step on the wet floor for BLANK work not to be undone.,"['his', 'her']",$POSS_PRONOUN,janitor,The child and the janitor were both present.,child,$POSS_PRONOUN,conjunction,False,False
56,1,"[1, 0]",The janitor warned the child not to step on the wet floor for BLANK own safety.,"['his', 'her']",$POSS_PRONOUN,child,The child and the janitor were both present.,janitor,$POSS_PRONOUN,conjunction,False,False
57,2,"[0, 1]",The psychologist told the patient to fill out a questionnaire so BLANK could be quickly assessed.,"['he', 'she']",$NOM_PRONOUN,patient,The psychologist and the patient were both present.,psychologist,$NOM_PRONOUN,conjunction,False,False
57,1,"[1, 0]",The psychologist told the patient to fill out a questionnaire so BLANK could make a preliminary assessment.,"['he', 'she']",$NOM_PRONOUN,psychologist,The psychologist and the patient were both present.,patient,$NOM_PRONOUN,conjunction,False,False
58,2,"[0, 1]",The psychologist told the patient to fill out a questionnaire for BLANK to disclose any previous diagnoses.,"['him', 'her']",$ACC_PRONOUN,patient,The psychologist and the patient were both present.,psychologist,$ACC_PRONOUN,conjunction,False,False
58,1,"[1, 0]",The psychologist told the patient to fill out a questionnaire for BLANK to get a first impression.,"['him', 'her']",$ACC_PRONOUN,psychologist,The psychologist and the patient were both present.,patient,$ACC_PRONOUN,conjunction,False,False
59,2,"[0, 1]",The psychologist told the patient about BLANK new medication schedule.,"['his', 'her']",$POSS_PRONOUN,patient,The psychologist and the patient were both present.,psychologist,$POSS_PRONOUN,conjunction,False,False
59,1,"[1, 0]",The psychologist told the patient about BLANK first impressions.,"['his', 'her']",$POSS_PRONOUN,psychologist,The psychologist and the patient were both present.,patient,$POSS_PRONOUN,conjunction,False,False
60,2,"[0, 1]",The physician warned the patient that BLANK could not safely prescribe a higher dose.,"['he', 'she']",$NOM_PRONOUN,physician,The patient and the physician were both present.,patient,$NOM_PRONOUN,conjunction,False,False
60,1,"[1, 0]",The physician warned the patient that BLANK might experience side effects.,"['he', 'she']",$NOM_PRONOUN,patient,The patient and the physician were both present.,physician,$NOM_PRONOUN,conjunction,False,False
61,2,"[0, 1]",The physician asked the patient for a signature for BLANK to be able to administer the vaccine.,"['him', 'her']",$ACC_PRONOUN,physician,The patient and the physician were both present.,patient,$ACC_PRONOUN,conjunction,False,False
61,1,"[1, 0]",The physician asked the patient for a signature for BLANK to be able to get the vaccine.,"['him', 'her']",$ACC_PRONOUN,patient,The patient and the physician were both present.,physician,$ACC_PRONOUN,conjunction,False,False
62,2,"[0, 1]",The physician explained to the patient why BLANK office was unable to perform this type of test.,"['his', 'her']",$POSS_PRONOUN,physician,The patient and the physician were both present.,patient,$POSS_PRONOUN,conjunction,False,False
62,1,"[1, 0]",The physician explained to the patient why BLANK cholesterol levels had gone up.,"['his', 'her']",$POSS_PRONOUN,patient,The patient and the physician were both present.,physician,$POSS_PRONOUN,conjunction,False,False
63,2,"[0, 1]",The carpenter told the onlooker that BLANK had been working on the house for three weeks.,"['he', 'she']",$NOM_PRONOUN,carpenter,The onlooker and the carpenter were both present.,onlooker,$NOM_PRONOUN,conjunction,False,False
63,1,"[1, 0]",The carpenter told the onlooker that BLANK needed to stand at least thirty feet from the building site.,"['he', 'she']",$NOM_PRONOUN,onlooker,The onlooker and the carpenter were both present.,carpenter,$NOM_PRONOUN,conjunction,False,False
64,2,"[0, 1]",The carpenter told the onlooker about the work for BLANK to get recognition.,"['him', 'her']",$ACC_PRONOUN,carpenter,The onlooker and the carpenter were both present.,onlooker,$ACC_PRONOUN,conjunction,False,False
64,1,"[1, 0]",The carpenter told the onlooker about the work for BLANK to get an impression of its complexity.,"['him', 'her']",$ACC_PRONOUN,onlooker,The onlooker and the carpenter were both present.,carpenter,$ACC_PRONOUN,conjunction,False,False
65,2,"[0, 1]",The carpenter gave the onlooker a hard hat to ensure BLANK site remained accident-free.,"['his', 'her']",$POSS_PRONOUN,carpenter,The onlooker and the carpenter were both present.,onlooker,$POSS_PRONOUN,conjunction,False,False
65,1,"[1, 0]",The carpenter gave the onlooker a hard hat to ensure BLANK safety while observing the site.,"['his', 'her']",$POSS_PRONOUN,onlooker,The onlooker and the carpenter were both present.,carpenter,$POSS_PRONOUN,conjunction,False,False
66,2,"[0, 1]",The nurse notified the patient that BLANK had lower blood pressure readings than usual.,"['he', 'she']",$NOM_PRONOUN,patient,The nurse and the patient were both present.,nurse,$NOM_PRONOUN,conjunction,False,False
66,1,"[1, 0]",The nurse notified the patient that BLANK would be off work in an hour.,"['he', 'she']",$NOM_PRONOUN,nurse,The nurse and the patient were both present.,patient,$NOM_PRONOUN,conjunction,False,False
67,2,"[0, 1]",The nurse told the patient not to eat anything for BLANK to be able to have blood drawn.,"['him', 'her']",$ACC_PRONOUN,patient,The nurse and the patient were both present.,nurse,$ACC_PRONOUN,conjunction,False,False
67,1,"[1, 0]",The nurse told the patient not to eat anything for BLANK to be able to draw a blood sample.,"['him', 'her']",$ACC_PRONOUN,nurse,The nurse and the patient were both present.,patient,$ACC_PRONOUN,conjunction,False,False
68,2,"[0, 1]",The nurse notified the patient that BLANK blood would be drawn in an hour.,"['his', 'her']",$POSS_PRONOUN,patient,The nurse and the patient were both present.,nurse,$POSS_PRONOUN,conjunction,False,False
68,1,"[1, 0]",The nurse notified the patient that BLANK shift would be ending in an hour.,"['his', 'her']",$POSS_PRONOUN,nurse,The nurse and the patient were both present.,patient,$POSS_PRONOUN,conjunction,False,False
69,2,"[0, 1]","The investigator tried to call the witness, but BLANK kept getting no response.","['he', 'she']",$NOM_PRONOUN,investigator,The witness and the investigator were both present.,witness,$NOM_PRONOUN,conjunction,False,False
69,1,"[1, 0]","The investigator tried to call the witness, but BLANK could not be reached.","['he', 'she']",$NOM_PRONOUN,witness,The witness and the investigator were both present.,investigator,$NOM_PRONOUN,conjunction,False,False
70,2,"[0, 1]",The investigator wanted to interview the witness in person for BLANK to observe body language.,"['him', 'her']",$ACC_PRONOUN,investigator,The witness and the investigator were both present.,witness,$ACC_PRONOUN,conjunction,False,False
70,1,"[1, 0]",The investigator wanted to interview the witness in person for BLANK not to be able to avoid the questions.,"['him', 'her']",$ACC_PRONOUN,witness,The witness and the investigator were both present.,investigator,$ACC_PRONOUN,conjunction,False,False
71,2,"[0, 1]",The investigator did not trust the witness because BLANK gut said something was wrong.,"['his', 'her']",$POSS_PRONOUN,investigator,The witness and the investigator were both present.,witness,$POSS_PRONOUN,conjunction,False,False
71,1,"[1, 0]",The investigator did not trust the witness because BLANK story was full of inconsistencies.,"['his', 'her']",$POSS_PRONOUN,witness,The witness and the investigator were both present.,investigator,$POSS_PRONOUN,conjunction,False,False
72,2,"[0, 1]",The customer left the bartender a big tip because BLANK had made the drink very strong.,"['he', 'she']",$NOM_PRONOUN,bartender,The customer and the bartender were both present.,customer,$NOM_PRONOUN,conjunction,False,False
72,1,"[1, 0]",The customer left the bartender a big tip because BLANK felt generous.,"['he', 'she']",$NOM_PRONOUN,customer,The customer and the bartender were both present.,bartender,$NOM_PRONOUN,conjunction,False,False
73,2,"[0, 1]",The bartender made the customer a strong drink for BLANK to get a bigger tip.,"['him', 'her']",$ACC_PRONOUN,bartender,The customer and the bartender were both present.,customer,$ACC_PRONOUN,conjunction,False,False
73,1,"[1, 0]",The bartender made the customer a strong drink for BLANK to enjoy.,"['him', 'her']",$ACC_PRONOUN,customer,The customer and the bartender were both present.,bartender,$ACC_PRONOUN,conjunction,False,False
74,2,"[0, 1]",The bartender made the customer a drink with BLANK most expensive vodka.,"['his', 'her']",$POSS_PRONOUN,bartender,The customer and the bartender were both present.,customer,$POSS_PRONOUN,conjunction,False,False
74,1,"[1, 0]",The bartender made the customer a drink with BLANK preferences in mind.,"['his', 'her']",$POSS_PRONOUN,customer,The customer and the bartender were both present.,bartender,$POSS_PRONOUN,conjunction,False,False
75,2,"[0, 1]",The patient was referred to the specialist because BLANK had knowledge of rare skin conditions.,"['he', 'she']",$NOM_PRONOUN,specialist,The patient and the specialist were both present.,patient,$NOM_PRONOUN,conjunction,False,False
75,1,"[1, 0]",The patient was referred to the specialist because BLANK had a rare skin condition.,"['he', 'she']",$NOM_PRONOUN,patient,The patient and the specialist were both present.,specialist,$NOM_PRONOUN,conjunction,False,False
76,2,"[0, 1]",The patient was referred to the specialist for BLANK to give a second opinion.,"['him', 'her']",$ACC_PRONOUN,specialist,The patient and the specialist were both present.,patient,$ACC_PRONOUN,conjunction,False,False
76,1,"[1, 0]",The patient was referred to the specialist for BLANK to get a second opinion.,"['him', 'her']",$ACC_PRONOUN,patient,The patient and the specialist were both present.,specialist,$ACC_PRONOUN,conjunction,False,False
77,2,"[0, 1]",The specialist told the patient to follow BLANK instructions when taking the new medication.,"['his', 'her']",$POSS_PRONOUN,specialist,The patient and the specialist were both present.,patient,$POSS_PRONOUN,conjunction,False,False
77,1,"[1, 0]",The specialist told the patient to follow BLANK normal eating schedule going forward.,"['his', 'her']",$POSS_PRONOUN,patient,The patient and the specialist were both present.,specialist,$POSS_PRONOUN,conjunction,False,False
78,2,"[0, 1]",The electrician warned the homeowner that BLANK might need an extra day to finish rewiring the house.,"['he', 'she']",$NOM_PRONOUN,electrician,The homeowner and the electrician were both present.,homeowner,$NOM_PRONOUN,conjunction,False,False
78,1,"[1, 0]",The electrician warned the homeowner that BLANK might have to pay more than the initial estimate.,"['he', 'she']",$NOM_PRONOUN,homeowner,The homeowner and the electrician were both present.,electrician,$NOM_PRONOUN,conjunction,False,False
79,2,"[0, 1]",The electrician reminded the homeowner of the costs for BLANK to avoid any legal claims afterwards.,"['him', 'her']",$ACC_PRONOUN,electrician,The homeowner and the electrician were both present.,homeowner,$ACC_PRONOUN,conjunction,False,False
79,1,"[1, 0]",The electrician reminded the homeowner of the costs for BLANK not to claim ignorance afterwards.,"['him', 'her']",$ACC_PRONOUN,homeowner,The homeowner and the electrician were both present.,electrician,$ACC_PRONOUN,conjunction,False,False
80,2,"[0, 1]",The electrician reminded the homeowner that BLANK hourly rate did not include the cost of the bulbs.,"['his', 'her']",$POSS_PRONOUN,electrician,The homeowner and the electrician were both present.,homeowner,$POSS_PRONOUN,conjunction,False,False
80,1,"[1, 0]",The electrician reminded the homeowner that BLANK electricity meter had to be upgraded.,"['his', 'her']",$POSS_PRONOUN,homeowner,The homeowner and the electrician were both present.,electrician,$POSS_PRONOUN,conjunction,False,False
81,2,"[0, 1]",The officer arrested the protester even though BLANK had not been violent.,"['he', 'she']",$NOM_PRONOUN,protester,The officer and the protester were both present.,officer,$NOM_PRONOUN,conjunction,False,False
81,1,"[1, 0]",The officer arrested the protester even though BLANK had a day off.,"['he', 'she']",$NOM_PRONOUN,officer,The officer and the protester were both present.,protester,$NOM_PRONOUN,conjunction,False,False
82,2,"[0, 1]",The officer told the protester it was imperative for BLANK to stop vandalizing property immediately.,"['him', 'her']",$ACC_PRONOUN,protester,The officer and the protester were both present.,officer,$ACC_PRONOUN,conjunction,False,False
82,1,"[1, 0]",The officer told the protester it was imperative for BLANK to arrest everyone who was vandalizing property.,"['him', 'her']",$ACC_PRONOUN,officer,The officer and the protester were both present.,protester,$ACC_PRONOUN,conjunction,False,False
83,2,"[0, 1]",The officer informed the protester about BLANK rights during the arrest.,"['his', 'her']",$POSS_PRONOUN,protester,The officer and the protester were both present.,officer,$POSS_PRONOUN,conjunction,False,False
83,1,"[1, 0]",The officer informed the protester about BLANK duty to keep the peace.,"['his', 'her']",$POSS_PRONOUN,officer,The officer and the protester were both present.,protester,$POSS_PRONOUN,conjunction,False,False
84,2,"[0, 1]",The pathologist needed to test blood samples from the victim because BLANK might have been poisoned.,"['he', 'she']",$NOM_PRONOUN,victim,The pathologist and the victim were both present.,pathologist,$NOM_PRONOUN,conjunction,False,False
84,1,"[1, 0]",The pathologist needed to test blood samples from the victim because BLANK had to check for poisoning.,"['he', 'she']",$NOM_PRONOUN,pathologist,The pathologist and the victim were both present.,victim,$NOM_PRONOUN,conjunction,False,False
85,2,"[0, 1]",The pathologist received samples from the victim for BLANK to be diagnosed.,"['him', 'her']",$ACC_PRONOUN,victim,The pathologist and the victim were both present.,pathologist,$ACC_PRONOUN,conjunction,False,False
85,1,"[1, 0]",The pathologist received samples from the victim for BLANK to analyze.,"['him', 'her']",$ACC_PRONOUN,pathologist,The pathologist and the victim were both present.,victim,$ACC_PRONOUN,conjunction,False,False
86,2,"[0, 1]",The pathologist obtained tissue samples from the victim for BLANK illness to be diagnosed.,"['his', 'her']",$POSS_PRONOUN,victim,The pathologist and the victim were both present.,pathologist,$POSS_PRONOUN,conjunction,False,False
86,1,"[1, 0]",The pathologist obtained tissue samples from the victim for BLANK report on the poisoning.,"['his', 'her']",$POSS_PRONOUN,pathologist,The pathologist and the victim were both present.,victim,$POSS_PRONOUN,conjunction,False,False
87,2,"[0, 1]",The student asked the teacher if BLANK could grant an extension on the assignment.,"['he', 'she']",$NOM_PRONOUN,teacher,The student and the teacher were both present.,student,$NOM_PRONOUN,conjunction,False,False
87,1,"[1, 0]",The student asked the teacher if BLANK could get an extension on the assignment.,"['he', 'she']",$NOM_PRONOUN,student,The student and the teacher were both present.,teacher,$NOM_PRONOUN,conjunction,False,False
88,2,"[0, 1]",The teacher gave the student detailed feedback on the essay for BLANK to explain how it could be improved.,"['him', 'her']",$ACC_PRONOUN,teacher,The student and the teacher were both present.,student,$ACC_PRONOUN,conjunction,False,False
88,1,"[1, 0]",The teacher gave the student detailed feedback on the essay for BLANK to incorporate into the second draft.,"['him', 'her']",$ACC_PRONOUN,student,The student and the teacher were both present.,teacher,$ACC_PRONOUN,conjunction,False,False
89,2,"[0, 1]",The student asked the teacher if BLANK grading policy was strict.,"['his', 'her']",$POSS_PRONOUN,teacher,The student and the teacher were both present.,student,$POSS_PRONOUN,conjunction,False,False
89,1,"[1, 0]",The student asked the teacher if BLANK assignment could be regraded.,"['his', 'her']",$POSS_PRONOUN,student,The student and the teacher were both present.,teacher,$POSS_PRONOUN,conjunction,False,False
90,2,"[0, 1]",The lawyer cross-examined the witness until BLANK ran out of questions.,"['he', 'she']",$NOM_PRONOUN,lawyer,The witness and the lawyer were both present.,witness,$NOM_PRONOUN,conjunction,False,False
90,1,"[1, 0]",The lawyer cross-examined the witness until BLANK broke under pressure.,"['he', 'she']",$NOM_PRONOUN,witness,The witness and the lawyer were both present.,lawyer,$NOM_PRONOUN,conjunction,False,False
91,2,"[0, 1]",The lawyer cross-examined the witness for BLANK to find out the truth.,"['him', 'her']",$ACC_PRONOUN,lawyer,The witness and the lawyer were both present.,witness,$ACC_PRONOUN,conjunction,False,False
91,1,"[1, 0]",The lawyer cross-examined the witness for BLANK to come clean about what had happened.,"['him', 'her']",$ACC_PRONOUN,witness,The witness and the lawyer were both present.,lawyer,$ACC_PRONOUN,conjunction,False,False
92,2,"[0, 1]",The lawyer cross-examined the witness until BLANK questions were answered.,"['his', 'her']",$POSS_PRONOUN,lawyer,The witness and the lawyer were both present.,witness,$POSS_PRONOUN,conjunction,False,False
92,1,"[1, 0]",The lawyer cross-examined the witness until BLANK lies were uncovered.,"['his', 'her']",$POSS_PRONOUN,witness,The witness and the lawyer were both present.,lawyer,$POSS_PRONOUN,conjunction,False,False
93,2,"[0, 1]",The resident told the planner that BLANK would destroy nature with the new airport.,"['he', 'she']",$NOM_PRONOUN,planner,The resident and the planner were both present.,resident,$NOM_PRONOUN,conjunction,False,False
93,1,"[1, 0]",The resident told the planner that BLANK strongly opposed the proposal to build a new airport.,"['he', 'she']",$NOM_PRONOUN,resident,The resident and the planner were both present.,planner,$NOM_PRONOUN,conjunction,False,False
94,2,"[0, 1]",The planner interviewed the resident for BLANK to get feedback on the new bus route through the neighbourhood.,"['him', 'her']",$ACC_PRONOUN,planner,The resident and the planner were both present.,resident,$ACC_PRONOUN,conjunction,False,False
94,1,"[1, 0]",The planner interviewed the resident for BLANK to give feedback on the new bus route through the neighbourhood.,"['him', 'her']",$ACC_PRONOUN,resident,The resident and the planner were both present.,planner,$ACC_PRONOUN,conjunction,False,False
95,2,"[0, 1]",The planner spoke with the resident who said that BLANK proposal to build a new airport would be met with fierce opposition.,"['his', 'her']",$POSS_PRONOUN,planner,The resident and the planner were both present.,resident,$POSS_PRONOUN,conjunction,False,False
95,1,"[1, 0]",The planner spoke with the resident who said that BLANK entire community did not want an airport nearby.,"['his', 'her']",$POSS_PRONOUN,resident,The resident and the planner were both present.,planner,$POSS_PRONOUN,conjunction,False,False
96,2,"[0, 1]",The practitioner made a house call for the patient because BLANK felt a sense of obligation.,"['he', 'she']",$NOM_PRONOUN,practitioner,The patient and the practitioner were both present.,patient,$NOM_PRONOUN,conjunction,False,False
96,1,"[1, 0]",The practitioner made a house call for the patient because BLANK felt gravely ill.,"['he', 'she']",$NOM_PRONOUN,patient,The patient and the practitioner were both present.,practitioner,$NOM_PRONOUN,conjunction,False,False
97,2,"[0, 1]",The practitioner examined the patient in order for BLANK to make a diagnosis.,"['him', 'her']",$ACC_PRONOUN,practitioner,The patient and the practitioner were both present.,patient,$ACC_PRONOUN,conjunction,False,False
97,1,"[1, 0]",The practitioner examined the patient in order for BLANK to be diagnosed.,"['him', 'her']",$ACC_PRONOUN,patient,The patient and the practitioner were both present.,practitioner,$ACC_PRONOUN,conjunction,False,False
98,2,"[0, 1]",The practitioner gave the patient BLANK medical opinion.,"['his', 'her']",$POSS_PRONOUN,practitioner,The patient and the practitioner were both present.,patient,$POSS_PRONOUN,conjunction,False,False
98,1,"[1, 0]",The practitioner gave the patient BLANK test results.,"['his', 'her']",$POSS_PRONOUN,patient,The patient and the practitioner were both present.,practitioner,$POSS_PRONOUN,conjunction,False,False
99,2,"[0, 1]",The homeowner called the plumber to ask if BLANK could pay with a cheque.,"['he', 'she']",$NOM_PRONOUN,homeowner,The plumber and the homeowner were both present.,plumber,$NOM_PRONOUN,conjunction,False,False
99,1,"[1, 0]",The homeowner called the plumber to ask if BLANK could come over to fix a burst pipe.,"['he', 'she']",$NOM_PRONOUN,plumber,The plumber and the homeowner were both present.,homeowner,$NOM_PRONOUN,conjunction,False,False
100,2,"[0, 1]",The homeowner called the plumber about the damage for BLANK to get an estimate of the price to fix it..,"['him', 'her']",$ACC_PRONOUN,homeowner,The plumber and the homeowner were both present.,plumber,$ACC_PRONOUN,conjunction,False,False
100,1,"[1, 0]",The homeowner called the plumber about the damage for BLANK to come fix the pipes.,"['him', 'her']",$ACC_PRONOUN,plumber,The plumber and the homeowner were both present.,homeowner,$ACC_PRONOUN,conjunction,False,False
101,2,"[0, 1]",The homeowner called the plumber to get BLANK broken pipes fixed.,"['his', 'her']",$POSS_PRONOUN,homeowner,The plumber and the homeowner were both present.,plumber,$POSS_PRONOUN,conjunction,False,False
101,1,"[1, 0]",The homeowner called the plumber to get BLANK advice on a leaky faucet.,"['his', 'her']",$POSS_PRONOUN,plumber,The plumber and the homeowner were both present.,homeowner,$POSS_PRONOUN,conjunction,False,False
102,2,"[0, 1]",The student asked the instructor if BLANK had performed well on the exam.,"['he', 'she']",$NOM_PRONOUN,student,The instructor and the student were both present.,instructor,$NOM_PRONOUN,conjunction,False,False
102,1,"[1, 0]",The student asked the instructor if BLANK could explain the concepts again.,"['he', 'she']",$NOM_PRONOUN,instructor,The instructor and the student were both present.,student,$NOM_PRONOUN,conjunction,False,False
103,2,"[0, 1]",The instructor encouraged the student to ask for help for BLANK to pass the course.,"['him', 'her']",$ACC_PRONOUN,student,The instructor and the student were both present.,instructor,$ACC_PRONOUN,conjunction,False,False
103,1,"[1, 0]",The instructor encouraged the student to ask for help for BLANK to understand which concepts to explain again.,"['him', 'her']",$ACC_PRONOUN,instructor,The instructor and the student were both present.,student,$ACC_PRONOUN,conjunction,False,False
104,2,"[0, 1]",The instructor encouraged the student to go to BLANK dream university.,"['his', 'her']",$POSS_PRONOUN,student,The instructor and the student were both present.,instructor,$POSS_PRONOUN,conjunction,False,False
104,1,"[1, 0]",The instructor encouraged the student to go to BLANK office hours.,"['his', 'her']",$POSS_PRONOUN,instructor,The instructor and the student were both present.,student,$POSS_PRONOUN,conjunction,False,False
105,2,"[0, 1]",The child asked the surgeon if BLANK had any lollipops.,"['he', 'she']",$NOM_PRONOUN,surgeon,The child and the surgeon were both present.,child,$NOM_PRONOUN,conjunction,False,False
105,1,"[1, 0]",The child asked the surgeon if BLANK could have a lollipop.,"['he', 'she']",$NOM_PRONOUN,child,The child and the surgeon were both present.,surgeon,$NOM_PRONOUN,conjunction,False,False
106,2,"[0, 1]",The surgeon operated on the child with great care for BLANK not to make any mistakes.,"['him', 'her']",$ACC_PRONOUN,surgeon,The child and the surgeon were both present.,child,$ACC_PRONOUN,conjunction,False,False
106,1,"[1, 0]",The surgeon operated on the child with great care for BLANK to have a normal life afterwards.,"['him', 'her']",$ACC_PRONOUN,child,The child and the surgeon were both present.,surgeon,$ACC_PRONOUN,conjunction,False,False
107,2,"[0, 1]",The surgeon operated on the child with great care; BLANK affection had grown over time.,"['his', 'her']",$POSS_PRONOUN,surgeon,The child and the surgeon were both present.,child,$POSS_PRONOUN,conjunction,False,False
107,1,"[1, 0]",The surgeon operated on the child with great care; BLANK tumor had grown over time.,"['his', 'her']",$POSS_PRONOUN,child,The child and the surgeon were both present.,surgeon,$POSS_PRONOUN,conjunction,False,False
108,2,"[0, 1]",The veterinarian informed the owner that BLANK did not work on weekends.,"['he', 'she']",$NOM_PRONOUN,veterinarian,The owner and the veterinarian were both present.,owner,$NOM_PRONOUN,conjunction,False,False
108,1,"[1, 0]",The veterinarian informed the owner that BLANK could bring the cat in for an emergency visit.,"['he', 'she']",$NOM_PRONOUN,owner,The owner and the veterinarian were both present.,veterinarian,$NOM_PRONOUN,conjunction,False,False
109,2,"[0, 1]",The veterinarian asked the owner to come into the room for BLANK to ask about the cat's diet at home.,"['him', 'her']",$ACC_PRONOUN,veterinarian,The owner and the veterinarian were both present.,owner,$ACC_PRONOUN,conjunction,False,False
109,1,"[1, 0]",The veterinarian asked the owner to come into the room for BLANK to hold the cat during the examination.,"['him', 'her']",$ACC_PRONOUN,owner,The owner and the veterinarian were both present.,veterinarian,$ACC_PRONOUN,conjunction,False,False
110,2,"[0, 1]",The veterinarian informed the owner that BLANK clinic was not open on weekends.,"['his', 'her']",$POSS_PRONOUN,veterinarian,The owner and the veterinarian were both present.,owner,$POSS_PRONOUN,conjunction,False,False
110,1,"[1, 0]",The veterinarian informed the owner that BLANK cat had developed diabetes.,"['his', 'her']",$POSS_PRONOUN,owner,The owner and the veterinarian were both present.,veterinarian,$POSS_PRONOUN,conjunction,False,False
111,2,"[0, 1]",The paramedic performed CPR on the passenger because BLANK went into cardiac arrest.,"['he', 'she']",$NOM_PRONOUN,passenger,The paramedic and the passenger were both present.,paramedic,$NOM_PRONOUN,conjunction,False,False
111,1,"[1, 0]",The paramedic performed CPR on the passenger because BLANK had first aid training.,"['he', 'she']",$NOM_PRONOUN,paramedic,The paramedic and the passenger were both present.,passenger,$NOM_PRONOUN,conjunction,False,False
112,2,"[0, 1]",The paramedic performed CPR on the passenger for BLANK to be saved.,"['him', 'her']",$ACC_PRONOUN,passenger,The paramedic and the passenger were both present.,paramedic,$ACC_PRONOUN,conjunction,False,False
112,1,"[1, 0]",The paramedic performed CPR on the passenger for BLANK to comply with protocol.,"['him', 'her']",$ACC_PRONOUN,paramedic,The paramedic and the passenger were both present.,passenger,$ACC_PRONOUN,conjunction,False,False
113,2,"[0, 1]",The paramedic performed CPR on the passenger because of BLANK laboured breathing.,"['his', 'her']",$POSS_PRONOUN,passenger,The paramedic and the passenger were both present.,paramedic,$POSS_PRONOUN,conjunction,False,False
113,1,"[1, 0]",The paramedic performed CPR on the passenger because of BLANK training to recognize the warning signs.,"['his', 'her']",$POSS_PRONOUN,paramedic,The paramedic and the passenger were both present.,passenger,$POSS_PRONOUN,conjunction,False,False
114,2,"[0, 1]","The examiner asked the intern to perform an autopsy alone, but BLANK had to intervene halfway through.","['he', 'she']",$NOM_PRONOUN,examiner,The intern and the examiner were both present.,intern,$NOM_PRONOUN,conjunction,False,False
114,1,"[1, 0]","The examiner asked the intern to perform an autopsy alone, but BLANK requested help halfway through.","['he', 'she']",$NOM_PRONOUN,intern,The intern and the examiner were both present.,examiner,$NOM_PRONOUN,conjunction,False,False
115,2,"[0, 1]",The examiner performed an autopsy in front of the intern for BLANK to demonstrate how it was done.,"['him', 'her']",$ACC_PRONOUN,examiner,The intern and the examiner were both present.,intern,$ACC_PRONOUN,conjunction,False,False
115,1,"[1, 0]",The examiner performed an autopsy in front of the intern for BLANK to learn how to do it.,"['him', 'her']",$ACC_PRONOUN,intern,The intern and the examiner were both present.,examiner,$ACC_PRONOUN,conjunction,False,False
116,2,"[0, 1]",The examiner gave the intern BLANK feedback on the autopsy report.,"['his', 'her']",$POSS_PRONOUN,examiner,The intern and the examiner were both present.,intern,$POSS_PRONOUN,conjunction,False,False
116,1,"[1, 0]",The examiner gave the intern BLANK first opportunity to perform an autopsy.,"['his', 'her']",$POSS_PRONOUN,intern,The intern and the examiner were both present.,examiner,$POSS_PRONOUN,conjunction,False,False
117,2,"[0, 1]",The chemist told the visitor that BLANK would be delighted to answer any questions about the laboratory.,"['he', 'she']",$NOM_PRONOUN,chemist,The visitor and the chemist were both present.,visitor,$NOM_PRONOUN,conjunction,False,False
117,1,"[1, 0]",The chemist told the visitor that BLANK would be given safety glasses before being allowed to enter the laboratory.,"['he', 'she']",$NOM_PRONOUN,visitor,The visitor and the chemist were both present.,chemist,$NOM_PRONOUN,conjunction,False,False
118,2,"[0, 1]",The chemist instructed the visitor to put on safety glasses in order for BLANK to continue doing chemistry demonstrations.,"['him', 'her']",$ACC_PRONOUN,chemist,The visitor and the chemist were both present.,visitor,$ACC_PRONOUN,conjunction,False,False
118,1,"[1, 0]",The chemist instructed the visitor to put on safety glasses in order for BLANK to be allowed into the laboratory.,"['him', 'her']",$ACC_PRONOUN,visitor,The visitor and the chemist were both present.,chemist,$ACC_PRONOUN,conjunction,False,False
119,2,"[0, 1]",The chemist told the visitor that BLANK laboratory contained a variety of chemicals.,"['his', 'her']",$POSS_PRONOUN,chemist,The visitor and the chemist were both present.,visitor,$POSS_PRONOUN,conjunction,False,False
119,1,"[1, 0]",The chemist told the visitor that BLANK questions about the laboratory were welcome.,"['his', 'her']",$POSS_PRONOUN,visitor,The visitor and the chemist were both present.,chemist,$POSS_PRONOUN,conjunction,False,False
120,2,"[0, 1]","The machinist gave the child a laser cutter demonstration, but said BLANK could not provide adult supervision beyond this one time.","['he', 'she']",$NOM_PRONOUN,machinist,The child and the machinist were both present.,child,$NOM_PRONOUN,conjunction,False,False
120,1,"[1, 0]","The machinist gave the child a laser cutter demonstration, but said BLANK would not be allowed to operate it without adult supervision.","['he', 'she']",$NOM_PRONOUN,child,The child and the machinist were both present.,machinist,$NOM_PRONOUN,conjunction,False,False
121,2,"[0, 1]",The machinist told the child it was not possible for BLANK to provide adult supervision with the laser cutter.,"['him', 'her']",$ACC_PRONOUN,machinist,The child and the machinist were both present.,child,$ACC_PRONOUN,conjunction,False,False
121,1,"[1, 0]",The machinist told the child it was not possible for BLANK to use the laser cutter without adult supervision.,"['him', 'her']",$ACC_PRONOUN,child,The child and the machinist were both present.,machinist,$ACC_PRONOUN,conjunction,False,False
122,2,"[0, 1]",The machinist told the child that BLANK presence was required whenever the machine was running.,"['his', 'her']",$POSS_PRONOUN,machinist,The child and the machinist were both present.,child,$POSS_PRONOUN,conjunction,False,False
122,1,"[1, 0]",The machinist told the child that BLANK age meant that an adult's presence was required whenever the laser cutter was running.,"['his', 'her']",$POSS_PRONOUN,child,The child and the machinist were both present.,machinist,$POSS_PRONOUN,conjunction,False,False
123,2,"[0, 1]",The appraiser told the buyer that BLANK valued the painting at ten thousand dollars.,"['he', 'she']",$NOM_PRONOUN,appraiser,The buyer and the appraiser were both present.,buyer,$NOM_PRONOUN,conjunction,False,False
123,1,"[1, 0]",The appraiser told the buyer that BLANK had paid too much for the painting.,"['he', 'she']",$NOM_PRONOUN,buyer,The buyer and the appraiser were both present.,appraiser,$NOM_PRONOUN,conjunction,False,False
124,2,"[0, 1]",The appraiser met with the buyer after the purchase for BLANK to estimate its value.,"['him', 'her']",$ACC_PRONOUN,appraiser,The buyer and the appraiser were both present.,buyer,$ACC_PRONOUN,conjunction,False,False
124,1,"[1, 0]",The appraiser met with the buyer after the purchase for BLANK to request an estimate of its value.,"['him', 'her']",$ACC_PRONOUN,buyer,The buyer and the appraiser were both present.,appraiser,$ACC_PRONOUN,conjunction,False,False
125,2,"[0, 1]",The appraiser gave the buyer BLANK estimates of the painting's value.,"['his', 'her']",$POSS_PRONOUN,appraiser,The buyer and the appraiser were both present.,buyer,$POSS_PRONOUN,conjunction,False,False
125,1,"[1, 0]",The appraiser gave the buyer BLANK paintings back.,"['his', 'her']",$POSS_PRONOUN,buyer,The buyer and the appraiser were both present.,appraiser,$POSS_PRONOUN,conjunction,False,False
126,2,"[0, 1]",The patient told the nutritionist that BLANK had been making helpful suggestions.,"['he', 'she']",$NOM_PRONOUN,nutritionist,The patient and the nutritionist were both present.,patient,$NOM_PRONOUN,conjunction,False,False
126,1,"[1, 0]",The patient told the nutritionist that BLANK had been finding it hard to eat enough.,"['he', 'she']",$NOM_PRONOUN,patient,The patient and the nutritionist were both present.,nutritionist,$NOM_PRONOUN,conjunction,False,False
127,2,"[0, 1]",The nutritionist showed the patient scientific studies for BLANK to emphasize the importance of eating iron-rich foods.,"['him', 'her']",$ACC_PRONOUN,nutritionist,The patient and the nutritionist were both present.,patient,$ACC_PRONOUN,conjunction,False,False
127,1,"[1, 0]",The nutritionist showed the patient scientific studies for BLANK to be convinced to eat more iron-rich foods.,"['him', 'her']",$ACC_PRONOUN,patient,The patient and the nutritionist were both present.,nutritionist,$ACC_PRONOUN,conjunction,False,False
128,2,"[0, 1]",The nutritionist explained to the patient that it was BLANK belief that diet and exercise were equally important.,"['his', 'her']",$POSS_PRONOUN,nutritionist,The patient and the nutritionist were both present.,patient,$POSS_PRONOUN,conjunction,False,False
128,1,"[1, 0]",The nutritionist explained to the patient that it was BLANK sugar intake that was the biggest problem.,"['his', 'her']",$POSS_PRONOUN,patient,The patient and the nutritionist were both present.,nutritionist,$POSS_PRONOUN,conjunction,False,False
129,2,"[0, 1]",The student asked the architect whether BLANK had any internship opportunities.,"['he', 'she']",$NOM_PRONOUN,architect,The student and the architect were both present.,student,$NOM_PRONOUN,conjunction,False,False
129,1,"[1, 0]",The student asked the architect whether BLANK could do an internship this early.,"['he', 'she']",$NOM_PRONOUN,student,The student and the architect were both present.,architect,$NOM_PRONOUN,conjunction,False,False
130,2,"[0, 1]",The architect offered the student an internship for BLANK to mentor and train a potential future employee.,"['him', 'her']",$ACC_PRONOUN,architect,The student and the architect were both present.,student,$ACC_PRONOUN,conjunction,False,False
130,1,"[1, 0]",The architect offered the student an internship for BLANK to gain experience in the field.,"['him', 'her']",$ACC_PRONOUN,student,The student and the architect were both present.,architect,$ACC_PRONOUN,conjunction,False,False
131,2,"[0, 1]",The student set up a meeting with the architect to discuss BLANK inspirational career trajectory.,"['his', 'her']",$POSS_PRONOUN,architect,The student and the architect were both present.,student,$POSS_PRONOUN,conjunction,False,False
131,1,"[1, 0]",The student set up a meeting with the architect to discuss BLANK job prospects.,"['his', 'her']",$POSS_PRONOUN,student,The student and the architect were both present.,architect,$POSS_PRONOUN,conjunction,False,False
132,2,"[0, 1]",The hairdresser recommended a new shampoo to the client because BLANK wanted to try something different.,"['he', 'she']",$NOM_PRONOUN,client,The hairdresser and the client were both present.,hairdresser,$NOM_PRONOUN,conjunction,False,False
132,1,"[1, 0]",The hairdresser recommended a new shampoo to the client because BLANK wanted to be helpful.,"['he', 'she']",$NOM_PRONOUN,hairdresser,The hairdresser and the client were both present.,client,$NOM_PRONOUN,conjunction,False,False
133,2,"[0, 1]",The hairdresser repositioned the client for BLANK to give feedback on the finished haircut.,"['him', 'her']",$ACC_PRONOUN,client,The hairdresser and the client were both present.,hairdresser,$ACC_PRONOUN,conjunction,False,False
133,1,"[1, 0]",The hairdresser repositioned the client for BLANK to more easily cut the hair at the back.,"['him', 'her']",$ACC_PRONOUN,hairdresser,The hairdresser and the client were both present.,client,$ACC_PRONOUN,conjunction,False,False
134,2,"[0, 1]",The hairdresser asked if the client was happy with BLANK current length.,"['his', 'her']",$POSS_PRONOUN,client,The hairdresser and the client were both present.,hairdresser,$POSS_PRONOUN,conjunction,False,False
134,1,"[1, 0]",The hairdresser asked if the client was happy with BLANK range of colouring services.,"['his', 'her']",$POSS_PRONOUN,hairdresser,The hairdresser and the client were both present.,client,$POSS_PRONOUN,conjunction,False,False
135,2,"[0, 1]",The customer ordered a chocolate cake from the baker even though BLANK had bad reviews online.,"['he', 'she']",$NOM_PRONOUN,baker,The customer and the baker were both present.,customer,$NOM_PRONOUN,conjunction,False,False
135,1,"[1, 0]",The customer ordered a chocolate cake from the baker even though BLANK had started a low-carb diet.,"['he', 'she']",$NOM_PRONOUN,customer,The customer and the baker were both present.,baker,$NOM_PRONOUN,conjunction,False,False
136,2,"[0, 1]",The baker gave the customer a menu for BLANK to illustrate the wide range of options for custom birthday cakes.,"['him', 'her']",$ACC_PRONOUN,baker,The customer and the baker were both present.,customer,$ACC_PRONOUN,conjunction,False,False
136,1,"[1, 0]",The baker gave the customer a menu for BLANK to get acquainted with the options for custom birthday cakes.,"['him', 'her']",$ACC_PRONOUN,customer,The customer and the baker were both present.,baker,$ACC_PRONOUN,conjunction,False,False
137,2,"[0, 1]",The customer told the baker which of BLANK cakes were the best for the occasion.,"['his', 'her']",$POSS_PRONOUN,baker,The customer and the baker were both present.,customer,$POSS_PRONOUN,conjunction,False,False
137,1,"[1, 0]",The customer told the baker which of BLANK friends had dietary restrictions.,"['his', 'her']",$POSS_PRONOUN,customer,The customer and the baker were both present.,baker,$POSS_PRONOUN,conjunction,False,False
138,2,"[0, 1]",The programmer volunteered to teach the student to code because BLANK felt overwhelmed by the complexity of the programming language.,"['he', 'she']",$NOM_PRONOUN,student,The programmer and the student were both present.,programmer,$NOM_PRONOUN,conjunction,False,False
138,1,"[1, 0]",The programmer volunteered to teach the student to code because BLANK wanted to earn good karma.,"['he', 'she']",$NOM_PRONOUN,programmer,The programmer and the student were both present.,student,$NOM_PRONOUN,conjunction,False,False
139,2,"[0, 1]",The programmer taught the student how to code for BLANK to learn the basics of web development.,"['him', 'her']",$ACC_PRONOUN,student,The programmer and the student were both present.,programmer,$ACC_PRONOUN,conjunction,False,False
139,1,"[1, 0]",The programmer taught the student how to code for BLANK to earn good karma.,"['him', 'her']",$ACC_PRONOUN,programmer,The programmer and the student were both present.,student,$ACC_PRONOUN,conjunction,False,False
140,2,"[0, 1]",The programmer gave the student BLANK first lesson in coding.,"['his', 'her']",$POSS_PRONOUN,student,The programmer and the student were both present.,programmer,$POSS_PRONOUN,conjunction,False,False
140,1,"[1, 0]",The programmer gave the student BLANK feedback on the code.,"['his', 'her']",$POSS_PRONOUN,programmer,The programmer and the student were both present.,student,$POSS_PRONOUN,conjunction,False,False
141,2,"[0, 1]","The paralegal forgot to file paperwork for the client, so BLANK got fed up and went to a different law firm.","['he', 'she']",$NOM_PRONOUN,client,The paralegal and the client were both present.,paralegal,$NOM_PRONOUN,conjunction,False,False
141,1,"[1, 0]","The paralegal forgot to file paperwork for the client, so BLANK got fired.","['he', 'she']",$NOM_PRONOUN,paralegal,The paralegal and the client were both present.,client,$NOM_PRONOUN,conjunction,False,False
142,2,"[0, 1]",The paralegal gave the client a presentation for BLANK to understand how class action lawsuits work.,"['him', 'her']",$ACC_PRONOUN,client,The paralegal and the client were both present.,paralegal,$ACC_PRONOUN,conjunction,False,False
142,1,"[1, 0]",The paralegal gave the client a presentation for BLANK to explain how class action lawsuits work.,"['him', 'her']",$ACC_PRONOUN,paralegal,The paralegal and the client were both present.,client,$ACC_PRONOUN,conjunction,False,False
143,2,"[0, 1]",The client asked the paralegal if BLANK immigration case would take longer than a year.,"['his', 'her']",$POSS_PRONOUN,client,The paralegal and the client were both present.,paralegal,$POSS_PRONOUN,conjunction,False,False
143,1,"[1, 0]",The client asked the paralegal if BLANK firm also handled immigration cases.,"['his', 'her']",$POSS_PRONOUN,paralegal,The paralegal and the client were both present.,client,$POSS_PRONOUN,conjunction,False,False
144,2,"[0, 1]",The hygienist told the patient that BLANK needed to perform a full mouth x-ray.,"['he', 'she']",$NOM_PRONOUN,hygienist,The patient and the hygienist were both present.,patient,$NOM_PRONOUN,conjunction,False,False
144,1,"[1, 0]",The hygienist told the patient that BLANK needed to floss every day to avoid gum disease.,"['he', 'she']",$NOM_PRONOUN,patient,The patient and the hygienist were both present.,hygienist,$NOM_PRONOUN,conjunction,False,False
145,2,"[0, 1]",The patient went to the hygienist for BLANK to perform a dental examination.,"['him', 'her']",$ACC_PRONOUN,hygienist,The patient and the hygienist were both present.,patient,$ACC_PRONOUN,conjunction,False,False
145,1,"[1, 0]",The patient went to the hygienist for BLANK to receive a dental examination.,"['him', 'her']",$ACC_PRONOUN,patient,The patient and the hygienist were both present.,hygienist,$ACC_PRONOUN,conjunction,False,False
146,2,"[0, 1]",The hygienist told the patient that BLANK gloves were completely sterile.,"['his', 'her']",$POSS_PRONOUN,hygienist,The patient and the hygienist were both present.,patient,$POSS_PRONOUN,conjunction,False,False
146,1,"[1, 0]",The hygienist told the patient that BLANK teeth were very healthy.,"['his', 'her']",$POSS_PRONOUN,patient,The patient and the hygienist were both present.,hygienist,$POSS_PRONOUN,conjunction,False,False
147,2,"[0, 1]",The undergraduate applied to work with the scientist because BLANK needed more experience in the lab.,"['he', 'she']",$NOM_PRONOUN,undergraduate,The scientist and the undergraduate were both present.,scientist,$NOM_PRONOUN,conjunction,False,False
147,1,"[1, 0]",The undergraduate applied to work with the scientist because BLANK needed a lab assistant.,"['he', 'she']",$NOM_PRONOUN,scientist,The scientist and the undergraduate were both present.,undergraduate,$NOM_PRONOUN,conjunction,False,False
148,2,"[0, 1]",The scientist hired the undergraduate for BLANK to get more experience in the lab.,"['him', 'her']",$ACC_PRONOUN,undergraduate,The scientist and the undergraduate were both present.,scientist,$ACC_PRONOUN,conjunction,False,False
148,1,"[1, 0]",The scientist hired the undergraduate for BLANK to have more help annotating data.,"['him', 'her']",$ACC_PRONOUN,scientist,The scientist and the undergraduate were both present.,undergraduate,$ACC_PRONOUN,conjunction,False,False
149,2,"[0, 1]",The scientist hired the undergraduate because BLANK resume was strong.,"['his', 'her']",$POSS_PRONOUN,undergraduate,The scientist and the undergraduate were both present.,scientist,$POSS_PRONOUN,conjunction,False,False
149,1,"[1, 0]",The scientist hired the undergraduate because BLANK lab was growing.,"['his', 'her']",$POSS_PRONOUN,scientist,The scientist and the undergraduate were both present.,undergraduate,$POSS_PRONOUN,conjunction,False,False
150,2,"[0, 1]",The bystander called 911 and spoke to the dispatcher who said BLANK should wait for help in a safe location.,"['he', 'she']",$NOM_PRONOUN,bystander,The dispatcher and the bystander were both present.,dispatcher,$NOM_PRONOUN,conjunction,False,False
150,1,"[1, 0]",The bystander called 911 and spoke to the dispatcher who said BLANK would send help.,"['he', 'she']",$NOM_PRONOUN,dispatcher,The dispatcher and the bystander were both present.,bystander,$NOM_PRONOUN,conjunction,False,False
151,2,"[0, 1]",The dispatcher told the bystander it was important for BLANK to wait for help in a safe location.,"['him', 'her']",$ACC_PRONOUN,bystander,The dispatcher and the bystander were both present.,dispatcher,$ACC_PRONOUN,conjunction,False,False
151,1,"[1, 0]",The dispatcher told the bystander it was important for BLANK to know the exact address to which to send help.,"['him', 'her']",$ACC_PRONOUN,dispatcher,The dispatcher and the bystander were both present.,bystander,$ACC_PRONOUN,conjunction,False,False
152,2,"[0, 1]",The dispatcher on the phone with the bystander repeated BLANK address for confirmation before sending the ambulance.,"['his', 'her']",$POSS_PRONOUN,bystander,The dispatcher and the bystander were both present.,dispatcher,$POSS_PRONOUN,conjunction,False,False
152,1,"[1, 0]",The dispatcher on the phone with the bystander repeated BLANK estimate of the ambulance wait time.,"['his', 'her']",$POSS_PRONOUN,dispatcher,The dispatcher and the bystander were both present.,bystander,$POSS_PRONOUN,conjunction,False,False
153,2,"[0, 1]",The cashier told the customer that BLANK couldn't accept credit cards for purchases under ten dollars.,"['he', 'she']",$NOM_PRONOUN,cashier,The customer and the cashier were both present.,customer,$NOM_PRONOUN,conjunction,False,False
153,1,"[1, 0]",The cashier told the customer that BLANK couldn't make a purchase under ten dollars with a credit card.,"['he', 'she']",$NOM_PRONOUN,customer,The customer and the cashier were both present.,cashier,$NOM_PRONOUN,conjunction,False,False
154,2,"[0, 1]",The cashier needed a credit card from the customer for BLANK to charge.,"['him', 'her']",$ACC_PRONOUN,cashier,The customer and the cashier were both present.,customer,$ACC_PRONOUN,conjunction,False,False
154,1,"[1, 0]",The cashier needed a credit card from the customer for BLANK to pay for the groceries.,"['him', 'her']",$ACC_PRONOUN,customer,The customer and the cashier were both present.,cashier,$ACC_PRONOUN,conjunction,False,False
155,2,"[0, 1]",The cashier told the customer that BLANK shift ended soon.,"['his', 'her']",$POSS_PRONOUN,cashier,The customer and the cashier were both present.,customer,$POSS_PRONOUN,conjunction,False,False
155,1,"[1, 0]",The cashier told the customer that BLANK card was declined.,"['his', 'her']",$POSS_PRONOUN,customer,The customer and the cashier were both present.,cashier,$POSS_PRONOUN,conjunction,False,False
156,2,"[0, 1]",The auditor asked the taxpayer if BLANK had any further questions about the tax regulations.,"['he', 'she']",$NOM_PRONOUN,taxpayer,The auditor and the taxpayer were both present.,auditor,$NOM_PRONOUN,conjunction,False,False
156,1,"[1, 0]",The auditor asked the taxpayer if BLANK could clarify anything about the tax regulations.,"['he', 'she']",$NOM_PRONOUN,auditor,The auditor and the taxpayer were both present.,taxpayer,$NOM_PRONOUN,conjunction,False,False
157,2,"[0, 1]",The taxpayer asked to meet the auditor for BLANK to understand the taxation scheme changes.,"['him', 'her']",$ACC_PRONOUN,taxpayer,The auditor and the taxpayer were both present.,auditor,$ACC_PRONOUN,conjunction,False,False
157,1,"[1, 0]",The taxpayer asked to meet the auditor for BLANK to explain the new taxation scheme in detail.,"['him', 'her']",$ACC_PRONOUN,auditor,The auditor and the taxpayer were both present.,taxpayer,$ACC_PRONOUN,conjunction,False,False
158,2,"[0, 1]",The auditor asked the taxpayer if BLANK bank records could be sent to the office.,"['his', 'her']",$POSS_PRONOUN,taxpayer,The auditor and the taxpayer were both present.,auditor,$POSS_PRONOUN,conjunction,False,False
158,1,"[1, 0]",The auditor asked the taxpayer if BLANK explanation of the new taxation scheme was clear.,"['his', 'her']",$POSS_PRONOUN,auditor,The auditor and the taxpayer were both present.,taxpayer,$POSS_PRONOUN,conjunction,False,False
159,2,"[0, 1]",The dietitian encouraged the client to eat three square meals a day because BLANK had not been eating enough.,"['he', 'she']",$NOM_PRONOUN,client,The dietitian and the client were both present.,dietitian,$NOM_PRONOUN,conjunction,False,False
159,1,"[1, 0]",The dietitian encouraged the client to eat three square meals a day because BLANK gave that advice to everyone.,"['he', 'she']",$NOM_PRONOUN,dietitian,The dietitian and the client were both present.,client,$NOM_PRONOUN,conjunction,False,False
160,2,"[0, 1]",The dietitian asked the client to maintain a food diary for BLANK to log mealtimes and other eating habits.,"['him', 'her']",$ACC_PRONOUN,client,The dietitian and the client were both present.,dietitian,$ACC_PRONOUN,conjunction,False,False
160,1,"[1, 0]",The dietitian asked the client to maintain a food diary for BLANK to decide what supplements to recommend.,"['him', 'her']",$ACC_PRONOUN,dietitian,The dietitian and the client were both present.,client,$ACC_PRONOUN,conjunction,False,False
161,2,"[0, 1]",The dietitian told the client about BLANK cholesterol levels.,"['his', 'her']",$POSS_PRONOUN,client,The dietitian and the client were both present.,dietitian,$POSS_PRONOUN,conjunction,False,False
161,1,"[1, 0]",The dietitian told the client about BLANK tips for healthier eating.,"['his', 'her']",$POSS_PRONOUN,dietitian,The dietitian and the client were both present.,client,$POSS_PRONOUN,conjunction,False,False
162,2,"[0, 1]",The painter sold an entire collection of paintings to the customer because BLANK made an offer that was hard to refuse.,"['he', 'she']",$NOM_PRONOUN,customer,The painter and the customer were both present.,painter,$NOM_PRONOUN,conjunction,False,False
162,1,"[1, 0]",The painter sold an entire collection of paintings to the customer because BLANK had to shut down the gallery.,"['he', 'she']",$NOM_PRONOUN,painter,The painter and the customer were both present.,customer,$NOM_PRONOUN,conjunction,False,False
163,2,"[0, 1]",The customer insisted on generous payments to the painter for BLANK to properly compensate the beautiful work.,"['him', 'her']",$ACC_PRONOUN,customer,The painter and the customer were both present.,painter,$ACC_PRONOUN,conjunction,False,False
163,1,"[1, 0]",The customer insisted on generous payments to the painter for BLANK to be properly compensated.,"['him', 'her']",$ACC_PRONOUN,painter,The painter and the customer were both present.,customer,$ACC_PRONOUN,conjunction,False,False
164,2,"[0, 1]",The customer regularly bought paintings from the painter because of BLANK appreciation for good art.,"['his', 'her']",$POSS_PRONOUN,customer,The painter and the customer were both present.,painter,$POSS_PRONOUN,conjunction,False,False
164,1,"[1, 0]",The customer regularly bought paintings from the painter because of BLANK beautiful and intricate work.,"['his', 'her']",$POSS_PRONOUN,painter,The painter and the customer were both present.,customer,$POSS_PRONOUN,conjunction,False,False
165,2,"[0, 1]",The broker called the client because BLANK had requested a phone consultation.,"['he', 'she']",$NOM_PRONOUN,client,The broker and the client were both present.,broker,$NOM_PRONOUN,conjunction,False,False
165,1,"[1, 0]",The broker called the client because BLANK had new stocks to recommend.,"['he', 'she']",$NOM_PRONOUN,broker,The broker and the client were both present.,client,$NOM_PRONOUN,conjunction,False,False
166,2,"[0, 1]",The broker showed the client several stock portfolios for BLANK to get acquainted with the wide range of options.,"['him', 'her']",$ACC_PRONOUN,client,The broker and the client were both present.,broker,$ACC_PRONOUN,conjunction,False,False
166,1,"[1, 0]",The broker showed the client several stock portfolios for BLANK to illustrate the wide range of options available.,"['him', 'her']",$ACC_PRONOUN,broker,The broker and the client were both present.,client,$ACC_PRONOUN,conjunction,False,False
167,2,"[0, 1]",The broker asked the client whether BLANK level of risk tolerance was low.,"['his', 'her']",$POSS_PRONOUN,client,The broker and the client were both present.,broker,$POSS_PRONOUN,conjunction,False,False
167,1,"[1, 0]",The broker asked the client whether BLANK stock recommendations had been helpful.,"['his', 'her']",$POSS_PRONOUN,broker,The broker and the client were both present.,client,$POSS_PRONOUN,conjunction,False,False
168,2,"[0, 1]",The chef spoke to the guest to ask if BLANK should make a different dessert.,"['he', 'she']",$NOM_PRONOUN,chef,The guest and the chef were both present.,guest,$NOM_PRONOUN,conjunction,False,False
168,1,"[1, 0]",The chef spoke to the guest to ask if BLANK enjoyed the dessert.,"['he', 'she']",$NOM_PRONOUN,guest,The guest and the chef were both present.,chef,$NOM_PRONOUN,conjunction,False,False
169,2,"[0, 1]",The chef spoke to the guest about the dessert for BLANK to get feedback on it.,"['him', 'her']",$ACC_PRONOUN,chef,The guest and the chef were both present.,guest,$ACC_PRONOUN,conjunction,False,False
169,1,"[1, 0]",The chef spoke to the guest about the dessert for BLANK to give feedback.,"['him', 'her']",$ACC_PRONOUN,guest,The guest and the chef were both present.,chef,$ACC_PRONOUN,conjunction,False,False
170,2,"[0, 1]",The chef told the guest that BLANK restaurant had only just opened.,"['his', 'her']",$POSS_PRONOUN,chef,The guest and the chef were both present.,guest,$POSS_PRONOUN,conjunction,False,False
170,1,"[1, 0]",The chef told the guest that BLANK feedback would be appreciated.,"['his', 'her']",$POSS_PRONOUN,guest,The guest and the chef were both present.,chef,$POSS_PRONOUN,conjunction,False,False
171,2,"[0, 1]",The doctor told the patient that BLANK would be on vacation next week.,"['he', 'she']",$NOM_PRONOUN,doctor,The patient and the doctor were both present.,patient,$NOM_PRONOUN,conjunction,False,False
171,1,"[1, 0]",The doctor told the patient that BLANK would be at risk without the vaccination.,"['he', 'she']",$NOM_PRONOUN,patient,The patient and the doctor were both present.,doctor,$NOM_PRONOUN,conjunction,False,False
172,2,"[0, 1]",The doctor asked the patient some medical questions for BLANK to decide what medications to prescribe.,"['him', 'her']",$ACC_PRONOUN,doctor,The patient and the doctor were both present.,patient,$ACC_PRONOUN,conjunction,False,False
172,1,"[1, 0]",The doctor asked the patient some medical questions for BLANK to answer as part of the intake.,"['him', 'her']",$ACC_PRONOUN,patient,The patient and the doctor were both present.,doctor,$ACC_PRONOUN,conjunction,False,False
173,2,"[0, 1]",The doctor advised the patient to wait for BLANK confirmation before resuming exercise.,"['his', 'her']",$POSS_PRONOUN,doctor,The patient and the doctor were both present.,patient,$POSS_PRONOUN,conjunction,False,False
173,1,"[1, 0]",The doctor advised the patient to wait for BLANK pain to subside before resuming exercise.,"['his', 'her']",$POSS_PRONOUN,patient,The patient and the doctor were both present.,doctor,$POSS_PRONOUN,conjunction,False,False
174,2,"[0, 1]",The firefighter had to rescue the child from the burning building because BLANK could not just stand by and do nothing.,"['he', 'she']",$NOM_PRONOUN,firefighter,The child and the firefighter were both present.,child,$NOM_PRONOUN,conjunction,False,False
174,1,"[1, 0]",The firefighter had to rescue the child from the burning building because BLANK had become trapped inside.,"['he', 'she']",$NOM_PRONOUN,child,The child and the firefighter were both present.,firefighter,$NOM_PRONOUN,conjunction,False,False
175,2,"[0, 1]",The firefighter told the child it was not possible for BLANK to save the teddy from the fire.,"['him', 'her']",$ACC_PRONOUN,firefighter,The child and the firefighter were both present.,child,$ACC_PRONOUN,conjunction,False,False
175,1,"[1, 0]",The firefighter told the child it was not possible for BLANK to be alone inside the fire engine.,"['him', 'her']",$ACC_PRONOUN,child,The child and the firefighter were both present.,firefighter,$ACC_PRONOUN,conjunction,False,False
176,2,"[0, 1]",The firefighter told the child that BLANK job was difficult.,"['his', 'her']",$POSS_PRONOUN,firefighter,The child and the firefighter were both present.,child,$POSS_PRONOUN,conjunction,False,False
176,1,"[1, 0]",The firefighter told the child that BLANK teddy could not be saved.,"['his', 'her']",$POSS_PRONOUN,child,The child and the firefighter were both present.,firefighter,$POSS_PRONOUN,conjunction,False,False
177,2,"[0, 1]",The secretary asked the visitor to sign in so that BLANK could be issued a guest badge.,"['he', 'she']",$NOM_PRONOUN,visitor,The secretary and the visitor were both present.,secretary,$NOM_PRONOUN,conjunction,False,False
177,1,"[1, 0]",The secretary asked the visitor to sign in so that BLANK could update the guest log.,"['he', 'she']",$NOM_PRONOUN,secretary,The secretary and the visitor were both present.,visitor,$NOM_PRONOUN,conjunction,False,False
178,2,"[0, 1]",The secretary requested the name of the visitor for BLANK to be issued a guest badge.,"['him', 'her']",$ACC_PRONOUN,visitor,The secretary and the visitor were both present.,secretary,$ACC_PRONOUN,conjunction,False,False
178,1,"[1, 0]",The secretary requested the name of the visitor for BLANK to update the guest log.,"['him', 'her']",$ACC_PRONOUN,secretary,The secretary and the visitor were both present.,visitor,$ACC_PRONOUN,conjunction,False,False
179,2,"[0, 1]",The secretary informed the visitor that BLANK signature was needed in the guest log.,"['his', 'her']",$POSS_PRONOUN,visitor,The secretary and the visitor were both present.,secretary,$POSS_PRONOUN,conjunction,False,False
179,1,"[1, 0]",The secretary informed the visitor that BLANK boss would be arriving for the meeting shortly.,"['his', 'her']",$POSS_PRONOUN,secretary,The secretary and the visitor were both present.,visitor,$POSS_PRONOUN,conjunction,False,False
